"alexis","3","9356"
"Eric","154","45200"
"emil","2","8260"
"Jazzpod","28","8456"
"Alex","13","180496"
"Katharina","29","18103"
"filip","3","1189"
"Hannes","80","24037"
"todiefor","0","1018"
"Henrik","20","20906"
"david kjelkerud","9","2933"
"joaoflux","46","6163"
"liberationfrequency","14","13146"
"kalle","3","441"
"fiske","3","2637"
"Rouzbeh Delavari","52","11928"
"Trickski","73","336514"
"joel","0","434"
"arvida","3","834"
"andie","4","7641"
"djen","4","1524"
"james","22","8455"
"The Stockman Choir","35","7616"
"kosmar","11","1725"
"FNA","15","5482"
"bruceroos","0","266"
"christofferberg","19","21343"
"bjornjeffery","0","472"
"mikaelpersson","6","6864"
"Van Rivers","8","23697"
"Joar Hellsaeus","28","7621"
"fiahless","22","3379"
"PederMannerfeltProduktion","74","28378"
"@trancepoetry","10","7388"
"dernulf","27","10005"
"Carl Borg","19","11713"
"tennishero","2","2522"
"markusenochson","27","30423"
"Jonas Bengt","25","1323"
"thomaswolf","13","7616"
"djlastword","32","8590"
"sarnelid","1","227"
"mygodthesound","14","6439"
"rubberinc","16","385"
"carhartl","13","1057"
"znrR","4","599"
"yannicklabbe","13","11662"
"csshsh","0","326"
"Da5d","74","6424"
"boytom","6","6077"
"Chris Zippel   -","37","11665"
"thomaso","7","526"
"Xhin","19","47821"
"Kalle Kuts","41","10172"
"bison","14","5821"
"warmhq","248","35186"
"Namito!","73","44917"
"HYBRIS","402","19251"
"Julius Lagerfeld","4","378"
"rany","5","2217"
"unlike","20","8540"
"owenlloyd","33","5727"
"hybrissthlm","8","5636"
"ehn","10","3703"
"batchku","31","604"
"mjt","5","4834"
"adeline","40","24223"
"d_minum","21","169"
"mategalic","0","1719"
"moolsan","6","6038"
"martind","11","3693"
"kearley","24","4193"
"Rupert Falsch","6","3490"
"Bogdan Irkük aka BULGARI","8","12123"
"nitrada","29","2986"
"Suedey","1","2010"
"Sean","2","2636"
"dj glow","6","965"
"R.Bardini","14","923"
"bob","5","2138"
"one","20","3167"
"Daniel Haaksman","88","27302"
"Calle Wersäll","4","463"
"bravo3l3","0","92"
"boriskehr","0","86"
"Forss","26","133601"
"dirkrumpff","54","9171"
"ame","11","251203"
"wulf","0","638"
"Mark Pritchard","67","60119"
"Promos for Richie Hawtin","2","114790"
"astro lab recordings","54","8536"
"bunterberg","5","392"
"SoundCloud","11","375742"
"alexnieminen (Alex Tigre)","17","3317"
"Mesak","36","7664"
"barbnerdy","42","4220"
"adambeyer","160","299710"
"hepburn3000","13","522"
"Quarion","47","29368"
"alex attias","70","12682"
"drumpoet","104","28900"
"ChristianPrommer","92","30477"
"stephaneattias","10","2709"
"Innervisions","79","168802"
"Marcusintalex Soul:rHQ","46","56075"
"djgregory","5","40514"
"madmats","29","11772"
"monoklinke","20","230"
"carlosdebrito","2","1055"
"circuitflow","9","4239"
"sundaymusic","4","7845"
"SYGAIRE","114","6831"
"Dimlite","32","41503"
"dandydigital","3","2378"
"tpunkt","26","243"
"bertrand","0","276"
"Alex Barck","114","14204"
"snax","44","3896"
"twerok","10","266"
"Andrès Garcìa","35","1517"
"໒ຊວຟສໃ໒໕ຈຣ໕ຊ","72","15907"
"ben mono","30","37263"
"Stockholm LTD","71","15997"
"Freeform Five","32","12890"
"Ly Sander","17","1919"
"disco selector","7","2241"
"Alpendub","3","256"
"humus","11","3067"
"ripperton","173","96332"
"nwachukwu","6","10688"
"soultourist","7","4885"
"Session Victim","130","40847"
"dachshund","103","14939"
"m.path.iq (We Are, Strut)","4","2702"
"jazzysport","43","46953"
"microthol","0","593"
"muallem","13","3170"
"BEATDIMENSIONS","1","38680"
"stillmusic","110","9129"
"Langenberg","19","5397"
"Life Recorder","19","4110"
"ingosaenger","73","5763"
"[Mental Groove Records]","354","19006"
"djmaxximus","3","606"
"nd_baumecker","8","22079"
"HerrPotemkin","16","3152"
"invrs","15","11994"
"compost","1150","69623"
"Best Works","92","8489"
"karenp","1","940"
"dutch rhythm combo","5","1489"
"frucht","0","166"
"Joscha Creutzfeldt","3","2007"
"domservini","0","1762"
"atilano","2","920"
"SHIR KHAN","32","19559"
"Marvin Suggs","8","815"
"johanloman","15","701"
"rodrigo","5","369"
"icasol","15","1570"
"Yanneck","0","1407"
"SANTORIN","71","7757"
"Anton Maiof","5","4084"
"Lindstrøm","47","70523"
"alexkid","10","83297"
"Delsin Records","126","84214"
"fabricelig","121","10855"
"Kornél Kovács","32","14020"
"Neil Carlill","101","646"
"Marcus Worgull","19","16726"
"bobbymhark","1","643"
"Hunee","47","36773"
"anton","0","432"
"future classic","608","486974"
"Bernhard Tobola","12","443"
"FlomotionRadio","28","1566"
"lafleur","50","29756"
"tibsie","3","183"
"vidatone","24","2494"
"superdre","16","4784"
"Polar Pair NDV","65","3019"
"DJ REAS","9","2090"
"polarte","23","1026"
"P.Laoss","8","3155"
"pentagonik","17","2782"
"vantone","0","580"
"djcashmere","8","690"
"dazikue","47","10556"
"leopold","14","621"
"jitter","3","573"
"micburns","85","1337"
"Doe Jassen","2","2842"
"Le Choix","1","1087"
"Deephousemafia","6","2587"
"thenewlaw","24","3940"
"antalrushhour","7","13320"
"Danny Kotz","18","814"
"brut! records","52","12389"
"resopal","287","10559"
"2bfuzzy","2","596"
"DONSUMMER","11","377"
"blunt","2","1317"
"st plomb","10","1474"
"alphadecay","5","154"
"patchworks","46","6205"
"mix","0","37"
"joakim","1","1375"
"agent schwiech","7","1019"
"synthetix","9","856"
"Emilie Nana","17","2405"
"Aaron Hedges","20","1722"
"Sven Jozwiak","17","5563"
"rajomo","16","274"
"thabo","0","380"
"Responder","18","9211"
"zara","0","625"
"Pan-Pot (OFFICIAL)","68","226981"
"WALL MUSIC / MIKE WALL","189","15375"
"YukiYaki","5","497"
"Lexx [Zürich/Switzerland]","13","18024"
"André Michelle","5","1791"
"Yourhighness","25","1605"
"lodemann","26","24546"
"gonzague","0","133"
"oskaroffermann","44","16531"
"electricocatchaka","4","183"
"pirahnahead","119","10273"
"Atjazz Record Company","397","80648"
"von lynX","14","739"
"JD Filpper","4","1931"
"visionofsound","12","489"
"swedishbrandyproductions","46","2753"
"Boris Hotton","11","949"
"zurima","0","275"
"cotumo","1","1470"
"martinlissmyr","35","209"
"City Slang","300","84721"
"Two Who","69","6119"
"Harry Seldom","26","744"
"GUNJACK","8","4499"
"supadups","14","14203"
"pluxemburg","13","851"
"maxniederhofer","0","202"
"Ghost Monkey","217","1264"
"Tristen","16","3976"
"Fonal Records","176","11612"
"minz","28","1051"
"LADISLAV","5","469"
"unclemike","6","220"
"markaugust","1","2511"
"agnes","10","26468"
"opuswerk","20","7578"
"NIBC","16","3831"
"Rollo","1","1675"
"andreassaag","49","6311"
"Orkidea","151","19410"
"plej","5","3985"
"drei farben house","12","2908"
"qq1","0","163"
"bertrand aka BamboolaProd","2","566"
"marko","3","248"
"boris","8","14880"
"Proof Of Concept","31","1638"
"ekkohaus","2","5063"
"moltke","73","23628"
"dense","1","109"
"Heart of Stones","8","891"
"Dirty Cover","3","915"
"random","4","1318"
"Demetrio Giannice","10","1204"
"Vincenzo...","4","599"
"scrag","22","342"
"Boeoes Kaelstigen","93","23001"
"jantoni","82","1202"
"Olof Dreijer","5","5974"
"Piece of Shh","8","651"
"Herb LF","13","1321"
"ranshani","4","386"
"thaddi","0","136"
"Chris Lattner","4","24709"
"malstrom","15","1068"
"lowtec","4","10953"
"Jens Lodén","52","1063"
"Degoba","102","5847"
"Fabio Pastore (Fabs)","6","268"
"Nicholas","124","25737"
"Marcoradi","32","1849"
"fabiogenito","104","6783"
"Tommaso Chiari","7","418"
"Dino Angioletti","15","3680"
"AdultDanceMusic","24","10521"
"forshaw","0","291"
"Marco Evangelista","11","411"
"jclemay","12","365"
"roccorodamaal","14","12917"
"garybeck","53","73959"
"frankievalentine","0","1540"
"danielemad","14","798"
"daria","1","4126"
"eddieo","7","643"
"mgroover","52","2323"
"nuyoric","0","3573"
"themadthinker","4","2461"
"PATRIK","10","785"
"Music Box Records","1","1001"
"neroli","14","4234"
"shaunanyc","0","630"
"daniel troberg","4","2868"
"silversurfer","0","474"
"Rame","29","3413"
"Memoryman aka Uovo","15","3507"
"idrissd","0","1210"
"djfranckroger","66","22187"
"Pizeta","5","5233"
"sicaniasoul","8","504"
"andrea arcangeli","18","4628"
"intellijel","30","2066"
"Deeply Rooted","159","10526"
"luckino","0","749"
"sergionedj","0","348"
"Ibadan Records","98","18491"
"checcoita","0","77"
"aandina","1","1716"
"jojoflores","46","9775"
"uomorecords","3","2318"
"popolvuh","7","3580"
"Maurizio Belladonna","5","761"
"fabiocori","0","209"
"mauro ferrucci/roy malone","4","2470"
"ivanocoppola","5","694"
"Remo Official","8","1784"
"UNCLE DOG","99","4758"
"quincyrockford","1","96"
"Claudio Coccoluto","72","20364"
"Brian Neckel","1","329"
"ltj xperience","122","13706"
"Ultrastretch Music","17","8506"
"ivan iacobucci","0","6240"
"vinyljunkies Record store","28","2417"
"Antonio Ocasio","31","2211"
"Dublex Inc.","15","1459"
"Leisure-B","30","688"
"sebastianherre","4","925"
"gino grasso","43","2258"
"Francois X","10","8338"
"Dana Ruh","26","15339"
"Mr. Fiel","9","704"
"marcopassarani","10","17546"
"fabio carniel","3","227"
"Rasmus Faber","69","17323"
"Super Value","12","4957"
"toravinter","5","1092"
"stockholmcyclo","35","1002"
"djzohar","2","336"
"Click | Click","31","12211"
"adultnapper","4","22372"
"jeremynewall","1","408"
"luisdavis","11","683"
"amnaye","25","2960"
"asli","17","850"
"Rabih Beaini","14","7267"
"orang volante","24","565"
"willsaul","42","54128"
"danielepierucci","11","1156"
"Mano Le Tough","18","93597"
"Stefano Tucci","2","661"
"owaink","48","2470"
"houseclap","20","1263"
"JWL","9","1699"
"Halo Varga aka Halo","1","4846"
"MPMCGN","205","16756"
"Prime Numbers","172","24867"
"Savino Martinez","11","726"
"rickymontanari","1","3916"
"Osunlade","48","77991"
"Nick Holder","4","3250"
"T Brothers","15","596"
"Luca Bacchetti","13","41317"
"ThommyDavis","12","527"
"landesvatter","20","1794"
"charles webster","121","7049"
"blende","21","32532"
"Jimpster","68","92352"
"Pap Spencer","0","698"
"Funk D'Void/ Outpost","119","82136"
"Luca Agnelli","46","15956"
"soma","919","159493"
"vincewatson","161","19006"
"justinberkovi","71","10124"
"pushtobreak","34","155"
"Dimitri from Paris","93","148103"
"Chymera","79","29337"
"mozart","0","150"
"tomchurchill","50","1521"
"Groover Klein","3","304"
"PaulMac","88","15826"
"injex","0","698"
"beatfanatic","16","6296"
"blucu","42","32323"
"LuLúxpo (official)","12","1306"
"BeardMan","8","9335"
"NoEars","9","2106"
"cornerrecords","7","354"
"Dialect    Recordings","37","2802"
"cesare vs disorder","43","9419"
"Dj Fritz Aka SoulChild","7","675"
"joelmull","24","37425"
"Tim Paris","52","7237"
"Bodyjack","77","5275"
"Firecracker Recordings","122","21128"
"fishgodeep","7","7517"
"orbeatbookings","3","836"
"C-Rock","5","2915"
"Be As One Imprint","73","8111"
"The Black Dog","197","21261"
"jamieanderson","148","13538"
"Sei A","84","16538"
"tor","20","611"
"ALEX NERI DJ","14","3545"
"johannesahlberg","2","197"
"dub","4","1606"
"A Guy Called Gerald","59","218549"
"tracey k","15","2317"
"edob","2","397"
"ebz","7","73"
"arab","3","334"
"Marcello Giordani","80","5566"
"tupy","198","798"
"third ear recordings","159","19174"
"Ajello","74","8093"
"Pratap","14","895"
"tromlov","2","122"
"shaka","8","668"
"eurokai","30","2907"
"berlincast","54","311"
"chrisb","106","228"
"empro &jozwiak","18","1813"
"Arno Gonzalez","13","3320"
"miltonjackson","69","53020"
"Margot","21","7554"
"chriswoodwardmusic","21","10238"
"four twenty","59","6389"
"verybadkids","1","236"
"MRCS","36","1092"
"Bertrand Dupart","2","791"
"apires","7","480"
"Material ♕ Object","61","7072"
"leeholman","20","1920"
"timidrecords","30","5188"
"Makossa & Megablast","15","6959"
"leopoldskool","2","393"
"whoisback","7","813"
"ninfa","12","1109"
"cisky","33","1847"
"guelters","5","1493"
"Dave Basek","15","1504"
"Plugimi","88","347"
"ohmguru","12","896"
"bobrogue","12","518"
"october","3","4524"
"Jerome c","4","472"
"PETER KIRN","54","4733"
"alessandrocrimi","1","208"
"jazzgangster","29","1474"
"deetron","50","88134"
"Solardish Records","61","4002"
"Åbäke","10","458"
"Limbo / Pedro Cali","9","518"
"dunproofin","36","1412"
"jaytripwire","10","19666"
"Marco Molinari","7","2474"
"Sauco (Official)","9","1603"
"roninachum","4","758"
"indalorecords","3","1080"
"Alvaro Hylander","80","4141"
"Tuh Pa Warez","15","3132"
"noema","31","5396"
"agargara","33","1309"
"Arthur Oskan","65","6498"
"Luca Fabiani","18","2181"
"theb","0","86"
"Sebastian Schlachter","17","1237"
"Dj Soch","7","1050"
"Mirkomos","10","785"
"erdexil","4","203"
"Merge of Equals","12","533"
"Wiv J","6","1373"
"biological","15","1601"
"Stevie Sole Middleton","64","3981"
"100complex","9","431"
"florijn","2","368"
"bleed","107","9318"
"hidden hawaii","18","4692"
"Se-Te-Ve","7","731"
"electronixnetwork","0","269"
"s:vt","6","1347"
"Yoursck","62","1027"
"O Samuli A","40","746"
"peak","1","358"
"lefto","6","16155"
"johnvon","21","759"
"subsequent","4","280"
"Sharon Safav","3","166"
"Samplefriends Records","110","3580"
"giannibini","10","1101"
"universalvibes","18","887"
"Dairmount","80","5633"
"Lick My Deck recordings","19","4450"
"Sankt Göran","7","2290"
"Andreas Bick","29","1629"
"__________Cur.l_________","15","2188"
"horrevorts","22","10266"
"spif","0","95"
"damian thorn","4","826"
"ram 1233","0","35"
"catch-22","0","61"
"RED ROBIN","1","5406"
"Howie B","5","5320"
"simbad","44","11460"
"RODDYROD™","26","4192"
"farmerglitch","12","515"
"marinoberardi","6","505"
"gutbrod","3","638"
"Nalepa","17","16510"
"ixel","2","5064"
"supersoniclovers","3","217"
"mangelt","25","1345"
"petervanhoesen","27","21215"
"undercutrecords","14","435"
"Gabriel Le Mar","23","3023"
"anyway","4","90"
"mac","4","54"
"Smoke Joke records","48","1927"
"memme","4","326"
"materia","82","3666"
"Blake Dj","5","403"
"Stefano Amalfi","40","2534"
"typeB >Musicality Colombo","17","560"
"John Sill (Syncrophone)","0","389"
"Joffrè","8","589"
"Limo","18","1488"
"Ben Nevile","18","429"
"Nvelope","1","946"
"wim","0","200"
"Matthew Oh","8","1181"
"Sascha Kloeber","47","6236"
"ultracity","23","1190"
"djangelie","13","633"
"artizanmusic","25","1720"
"F.T.G. Live","28","2101"
"KUNDAN LAL","6","850"
"junior_boys","5","11260"
"GEIST Agency","7","1385"
"Daedelus","122","149143"
"Volte-Face / BleeD Music","16","2959"
"Mirko Ferranti","2","574"
"mbg","5","143"
"c85","9","519"
"Machinedrum","51","149438"
"potsmoker","0","73"
"Eric Ericksson","38","1570"
"Tilliander/TM404/Mokira/","57","8138"
"mickrubin","26","331"
"Ocean Gaya","15","1195"
"Marc Poppcke","105","16470"
"Digital Project / D-Chill","2","955"
"stefanofontana","0","292"
"danielsolar","72","6363"
"Alex Niggemann","31","54713"
"le mépris","4","375"
"mr.rod","2","233"
"Little Jinder","1","4896"
"HNNY","30","73308"
"KIAN T","5","835"
"Takasi Nakajima","1","1393"
"rollinthunder","8","351"
"calamityjoe","0","177"
"7oi","92","1700"
"matas","105","6419"
"humanlab","9","237"
"Holograma","12","363"
"Frankie Watch","0","761"
"patrickturner","0","1423"
"massprod","9","1546"
"christoph kardek","38","719"
"boywithpiano","1","225"
"cmeid","1","44"
"aneta","0","263"
"soulbasta","16","1055"
"nachomarco","21","3392"
"laurent garnier","303","187600"
"Mauro Picotto","59","55664"
"alisonmarks","23","2997"
"thedolphins","9","1471"
"PullProxy","480","4758"
"Boom Jinx","67","18208"
"mxmcsc","8","744"
"withoutfield","5","642"
"spacedoutboy","2","42"
"bytechop","41","2135"
"roman rauch","171","5197"
"Seventh Sign Recordings","21","4208"
"isaacspayes","0","199"
"dmitryfyodorov","17","584"
"BeNi","2","540"
"MATTIAS","29","27591"
"Dave Haynes","165","15766"
"ordemeikle","0","264"
"Alessio Carminati","6","1168"
"Supabeatz","53","11505"
"lucho","0","273"
"Agao","0","63"
"BigTune Mastering","9","835"
"disk","4","173"
"weedbeat (axiom)","17","804"
"interdisco","0","130"
"Nova deViator","27","430"
"sense","28","3030"
"Time for Trees","17","1390"
"steffen bennemann","5","3544"
"redshape","11","26173"
"Seahorse Drivers","87","89"
"Hard Lee","4","650"
"Heckadecimal","18","1115"
"alexw","2","167"
"Atnarko","74","7493"
"Pablo Sanz","17","411"
"poligraf","21","1574"
"alkama","34","829"
"Faskil","26","5618"
"mildsparrow","39","378"
"Michelle Owen","14","11984"
"Freddy Turner","11","1059"
"vidderna","3","909"
"Simone@NuformMusic","7","1708"
"Joris Delacroix","28","108902"
"santorini","8","2924"
"joyride","15","535"
"Gregorythme","13","8580"
"miekadufranx","10","1784"
"Q-Burns Abstract Message","340","8939"
"MtimaMuziki","26","657"
"Mike Buhl","8","522"
"Tracks4DJ","0","535"
"Experimedia","3458","30031"
"Ourson","12","881"
"RUBI NYC DJ","8","964"
"carlovinci","1","30"
"pawas","141","13119"
"Jonas Ruchenhever","10","1069"
"JoseG","0","130"
"Stefan Schleich","9","2347"
"ec50","16","731"
"manz","16","691"
"71 I 100 I 77","14","197"
"Fortyseven.","9","211"
"Headphone Science","45","880"
"Lush Puppy","9","673"
"jamesbraun","19","2408"
"MCKMN","15","510"
"Dorisburg","23","11770"
"exotikdot","5","177"
"Jan Bess","27","1529"
"neofob","26","244"
"phortran","39","4656"
"Adrian Recordings","465","4357"
"ARNO E. MATHIEU","31","1466"
"Nomethod","181","1603"
"Sonar Kollektiv","289","42858"
"peterkruder","17","31616"
"EDEC","48","4360"
"bzurke","80","481"
"m50","989","5895"
"Stefano Albanese","17","2230"
"Murat Meyer","1","196"
"GianlucaMottaOfficial","5","2393"
"Lars Sieling","6","1194"
"Taron-Trekka","8","56995"
"bearweasel","15","5259"
"DJ Honesty","17","1057"
"Matthias Kunze","14","3825"
"fraumutti","13","1916"
"ehrencrona","3","2935"
"hollispmonroe","8","1778"
"Toti Andaloro","5","533"
"Colin Dale","8","7335"
"tobiaslilja","66","470"
"pete herbert","60","13962"
"Soul Clap","220","155319"
"andreabassi","1","412"
"trishes","34","4084"
"LittleMike","2","1399"
"foundsound","0","1935"
"whitechocolate","0","500"
"Ronny Pries","12","2071"
"Alex Betancourt","10","830"
"Serein","75","4096"
"dave ellesmere","3","2498"
"djtonyz","3","259"
"Everest Records","1096","1265"
"Sarah Badr / FRKTL","21","18488"
"gAs","22","1101"
"beatportscott","0","156"
"Jonas Tempel","6","958"
"aka","0","75"
"cyclotron","52","795"
"zzzzra","39","8266"
"D-isorder","0","556"
"Moonstarr","85","3775"
"Durk Kooistra","19","3293"
"flavio vecchi","15","3003"
"Fear of Flying Recordings","55","14636"
"S!G discolover","3","776"
"stickman","37","1058"
"sirGeorge","22","389"
"jerryk","47","1754"
"timprebble","361","48553"
"osc1","11","967"
"D LEWIS official","12","1027"
"room","3","28"
"OR'L","43","3055"
"Mikael Jonasson","19","4837"
"Recycle Records","350","6249"
"hobbes","39","1259"
"guidonemola","100","2150"
"Christian Löffler","11","42421"
"Old Spice","31","2051"
"Plastique De Rêve","11","1609"
"Jon Hobotech Margulies","22","2325"
"Chico Perulli","5","419"
"superdefekt","26","1247"
"kon","107","19536"
"aroma","8","1172"
"Paulo (Airdrop / Aux-Rec)","6","341"
"KISSEY","21","4406"
"mogus","1","29"
"Miguel Eedl","38","995"
"DJ THREE","10","5502"
"SoulSonic","39","1853"
"LQD (BASSDRIVE)","75","2590"
"highmusic","0","106"
"recline","0","803"
"Eve White","10","900"
"crazylarry","4","912"
"emsley","10","653"
"Cozzy D","45","15956"
"dorl","4","842"
"andreasartori","12","183"
"Pat Fontes","96","2220"
"basicradio","0","201"
"Cornelia","12","2952"
"kopfthema","2","1572"
"Fromwood","9","1646"
"Himuro Yoshiteru","33","16896"
"dualism","81","12594"
"dorembus","9","39"
"David_Durango","63","6944"
"dino lenny","33","6442"
"DJ JayStarSeven","13","785"
"sideb0ard","55","561"
"kikai","49","2022"
"akiyuki","2","718"
"Airdrop Records","84","9376"
"bleedingboy","1","261"
"om_shanti","5","300"
"Helmut Ebritsch","37","1641"
"Brassica","8","4964"
"Nadja Lind [Lucidflow]","127","10656"
"ascent","9","1094"
"frankiegiotta","1","84"
"italianmafiadj","4","169"
"domas","19","1016"
"bctsugi","0","144"
"Rafael_Aragon","78","5551"
"bringthebeats","515","3082"
"lanadeltigre","6","222"
"sebo k","16","40439"
"Tronicsole","39","3314"
"Sound Bros","13","475"
"Musetta","59","1537"
"Florian Schirmacher","20","2403"
"buftontufton","4","387"
"Connaisseur Recordings","462","39260"
"martinconnaisseurrec","2","5668"
"DUKTUS","40","3371"
"kimik","61","1222"
"Knx.[ノレッジ]","78","91796"
"andreabigi","0","233"
"Philipp Wolgast","18","4351"
"cobeia","2","605"
"Kane Roth","3","4649"
"Brilliants","2","198"
"Marc Gallego","2","365"
"vanhai","52","2930"
"reece","4","257"
"Per Hammar","20","2740"
"runsounds","4","227"
"Martin Cosmo","12","66"
"chrija","0","49"
"Mint4000","2","409"
"stevo","38","4709"
"phylum sinter","52","3100"
"introvert","15","707"
"sierrasam","69","4414"
"Marcus Vector","22","1131"
"Pierre (Fuse-Lessizmore)","31","1771"
"DistantStarr","16","4295"
"thedub","33","2936"
"Dj Donna Summer","26","6803"
"carbon","26","5017"
"DaveDeRose","19","1715"
"beatbandit","1","393"
"eat","6","74"
"djrolandclark","13","13891"
"Subb-an","26","58768"
"Son of Mothra","19","635"
"Offering Recordings","32","3277"
"Halvtrak","34","793"
"EIGHT-TRACKS","26","3573"
"apple","0","240"
"`╔╣║╠╝ trans alp","23","295"
"SUBMANTRA","90","2409"
"musicandpower","13","6962"
"Seph","11","383"
"Highwood Audio Mastering","0","489"
"andredda","4","173"
"Gerome Sportelli","44","2587"
"herbert boese","1","158"
"Discos Capablanca","58","7454"
"sciarpina","0","196"
"Leonardo Carloni","0","205"
"UpMyAlley","70","5256"
"Shur-i-kan","128","28908"
"Casualtees","1","727"
"davide","0","26"
"Luis Baro","2","1048"
"Pipo VitcH","8","823"
"morris audio","111","9447"
"Speakdeep","18","3653"
"Cy Humphreys","13","875"
"estroe","243","15839"
"superd","28","236"
"ducemartinez","0","626"
"Headphone Commute","102","17651"
"Switchme","7","1586"
"Salvatore Evola","8","829"
"dennisruyer","33","5345"
"Terrace","65","1766"
"Ritual Records","25","1735"
"Prinsjan","5","274"
"Sub6","22","45897"
"maxp","1","227"
"papo","1","267"
"freqlab","26","2279"
"Flako","16","64930"
"mikinobilettidj","0","53"
"Pablo_Cahn","10","1550"
"Snake Beat","46","2515"
"Christian Bauer","0","119"
"alexidelano","25","13564"
"marcelavie","4","449"
"robertlippok","0","120"
"soulparlor","32","1647"
"genys","36","2042"
"Few Nolder","10","8371"
"lilith","2","177"
"bouncingbullets","10","92"
"kink","15","69765"
"TSoNYC®","14","1274"
"elleeven","2","129"
"EIGER NORDWAND","1","342"
"lefthandedbaddressed","4","404"
"Valeron II","12","50"
"generalrecords","74","3607"
"hello?repeat","4","2347"
"Daniel Zachodni (Canalia)","3","639"
"robdowell","13","500"
"Simon V","6","867"
"Lumberjacks in Hell","98","11775"
"Giorgio Gigli","3","5643"
"samim","22","4774"
"Sakito","1","1913"
"carldemumma","3","65"
"sofia","5","557"
"Nicc Johnson","19","993"
"Shap","19","510"
"Tom_Clark_","2","5770"
"G.R.I.T.","22","1597"
"David Noël","122","14687"
"ladysmiles","2","210"
"Dimitri Max","19","2425"
"hearthis.at/LarsLB","431","23943"
"audiobulb","86","992"
"Yehezkel Raz","64","2166"
"Socket Science","14","180"
"skyence","50","3968"
"Rai Scott","9","848"
"alteredmoods","96","1974"
"Julien Mier","42","13428"
"Moullinex","87","62820"
"boydjarvis","21","3266"
"Lorenzo Lavoratori","17","2502"
"eriksidung","3","544"
"futureaudio","3","2648"
"paolosoncini","1","237"
"abyss","16","6001"
".Aera","38","6968"
"Mayan Tangent","1","2946"
"Oscar Schubaq","4","1029"
"Till von Sein","80","44521"
"deepchild","185","14976"
"linodj","4","334"
"TJ Kong","26","3573"
"afrilounge","8","17453"
"daniel.fx","4","1130"
"beaner","16","3847"
"Matt Chester / 11th Hour","5","959"
"Kollektiv Turmstrasse","9","132727"
"Nuno Dos Santos","122","21400"
"ptoile","5","4420"
"K_Chico","21","726"
"Dunwich","17","1633"
"Matt Hughes Chicago","3","150"
"Cosmokolor","2","339"
"Jeff Samuel","8","11399"
"Nils Ohrmann","35","8542"
"michi beck","0","358"
"H.O.S.H.","69","118780"
"Ludvig Elblaus","4","149"
"richipush","3","117"
"The Perspectiv Family","12","1516"
"Bougie","93","2214"
"ITALIANETWORK","8","2813"
"Time Has Changed Records","239","6847"
"Radio Cápsula","2","2841"
"dot1-23","0","195"
"Charles Widmore","6","1580"
"chopstickmusic","1","7513"
"YE:SOLAR","5","703"
"Two Units","4","207"
"CDR berlin","117","2205"
"Ilario Alicante","29","32241"
"mikegrant50","25","3778"
"Dirty Channels","17","16397"
"Christian Vance","18","1999"
"wankers united","18","865"
"Hawks","6","529"
"Dr.Nojoke","56","8823"
"Zoë Xenia","30","4946"
"DJ Spider (NY/NJ)","37","10688"
"Norman Nodge","12","14838"
"Andr3a Pagan1n","8","1638"
"Patrice Bäumel","21","24114"
"brendonmoeller","53","33749"
"vanillaslimfast","1","961"
"KaytroniK","152","13731"
"Blanali","21","3294"
"traumawien","1","115"
"Marco Effe","12","4312"
"Upon.You Records","508","28112"
"dave dk","10","13827"
"StephenQuirke","9","578"
"Liefko / Afrilounge","1","1392"
"klitekture","19","450"
"Sam K","7","907"
"J-Lab","18","598"
"Cukipapa","0","309"
"Swede:art","20","5956"
"Chris Santos","244","1401"
"smokin studio","3","20"
"DJ QU","0","1522"
"discobelle","381","1026173"
"Chuck Bleu","25","1110"
"Noah Gibson","10","741"
"boingpoumtchak","0","91"
"Anthony Horse","0","60"
"Craig McWhinney","11","2976"
"mike callander","5","2446"
"Stephen J. Kroos","35","2427"
"Friendly Robot","8","394"
"DubVibe","2","1218"
"tommes3000","0","137"
"Sunchase","168","22986"
"Dimitrios K","9","479"
"Butterz","11","21761"
"Joel Alter","40","4562"
"Analogue Junkie","5","127"
"Jay Shepheard","23","14911"
"Illum Sphere","4","19669"
"Valanx","2","1426"
"Harrison Fnord","1","142"
"EcHonomist","127","6072"
"biodub","6","2034"
"FACES Records","83","8100"
"crl","4","72"
"Abstract Forms","37","3701"
"Marc Schneider","6","3511"
"robosonic","48","50733"
"Kotelett","2","1740"